﻿<?xml version="1.0" encoding="utf-8" standalone="yes"?>
<Parameters>
  <Connection>
    <DeviceParameters>/IF=tcpip /LOPO=11159 /SA=1</DeviceParameters>
    <ConnectionParameters>/AM=* /DAIP=10.0.1.10 /REPO=11159 /ANSL=1 /PT=11169</ConnectionParameters>
  </Connection>
  <AsProject>
    <ApjFullFileName>C:\Users\admin\Desktop\Kailachakov KRBO-01-21\Maxim_KRBO_01_21\Maxim_KRBO_01_21.apj</ApjFullFileName>
    <ProjectName>Maxim_KRBO_01_21</ProjectName>
    <ActiveConfigurationName>Config1</ActiveConfigurationName>
    <LicenseDataFolder>C:\Users\admin\Desktop\Kailachakov KRBO-01-21\Maxim_KRBO_01_21\Temp\Objects\Config1\4PP065_0571_P74</LicenseDataFolder>
  </AsProject>
  <General>
    <DeleteParameterFile>false</DeleteParameterFile>
  </General>
</Parameters>