<?xml version="1.0"?>

<tree  xmlns:dt="urn:schemas-microsoft-com:datatypes">


<n ID="DEVICES">
<n ID="SWIOTIMER">
<d ID="DDriverName" dt:dt="string">DdVxIotimPc</d>
<d ID="DDriverType" dt:dt="ui4">11</d>
<d ID="StartMode" dt:dt="ui4">1</d>
</n>
<n ID="IF2">
<d ID="DDriverName" dt:dt="string">DdxxSf16x5xIO</d>
<d ID="DDriverType" dt:dt="ui4">1</d>
<d ID="StartMode" dt:dt="ui4">1</d>
<d ID="DeviceParam" dt:dt="string">/BD=9600 /PA=N /DB=8 /SB=1 /RIT=5 /PHY=RS232 /IR=3 /IO=0x2F8 /CLK=1843200 /CARD=4966 /IF=2</d>
<d ID="PhysDeviceName" dt:dt="string">IF2</d>
</n>
</n>
<n ID="INADEVICES">
<n ID="IF2">
<d ID="FbDriverName" dt:dt="string">FbSerial</d>
<d ID="Device" dt:dt="string">IF2</d>
<d ID="StartMode" dt:dt="ui4">0</d>
</n>
</n>
<n ID="CYCLICSYSTEM">
<d ID="TimerDevice" dt:dt="string">SWIOTIMER</d>
</n>
</tree>
